model,accuracy,precision,recall,f1
transferLearning_WBC50,0.9548611111111112,0.9077541649754816,0.9155924826321789,0.9102031075137479
