model,accuracy,precision,recall,f1
fromScratch_WBC50,0.9496527777777778,0.8946637533888119,0.8933496116410649,0.8936133675263562
