model,accuracy,precision,recall,f1
fromScratch_WBC50,0.84,0.8813186813186814,0.8400000000000001,0.8378942881500425
