model,accuracy,precision,recall,f1
transferLearning_WBC10,0.9010416666666666,0.7887464311491132,0.7807369875958267,0.7829219710356943
