model,accuracy,precision,recall,f1
fromScratch_WBC1,0.6122685185185185,0.12252460914881298,0.19981114258734656,0.15190236898779613
