model,accuracy,precision,recall,f1
transferLearning_WBC1,0.6128472222222222,0.12256944444444444,0.2,0.15199138858988157
