model,accuracy,precision,recall,f1
fromScratch_WBC10,0.7314814814814815,0.36243587611522443,0.37125549578999895,0.3643845881154385
