model,accuracy,precision,recall,f1
fromScratch_WBC10,0.42,0.2735617323852618,0.42000000000000004,0.3089324618736383
