model,accuracy,precision,recall,f1
transferLearning_WBC100,0.9704861111111112,0.9396108225919935,0.939793958754804,0.938819608614376
