{
    "epoch": 98.41,
    "eval_loss": 0.4006764590740204,
    "eval_runtime": 36.7417,
    "eval_samples_per_second": 96.675,
    "eval_steps_per_second": 1.633,
    "train_loss": 0.5019451987358832,
    "train_runtime": 28825.0901,
    "train_samples_per_second": 69.818,
    "train_steps_per_second": 0.108
}