model,accuracy,precision,recall,f1
fromScratch_WBC100,0.9716435185185185,0.9533247570040023,0.9370874615878602,0.9448108347404167
