model,accuracy,precision,recall,f1
fromScratch_WBC100,0.92,0.9356643356643357,0.9199999999999999,0.9199447895100068
